,n.hashtag,deg
0,art,1900909
1,photography,242065
2,painting,226498
3,photo,148847
4,streetart,126865
5,artist,117023
6,drawing,96294
7,nature,89511
8,graffiti,87137
9,travel,81343
10,illustration,79903
11,landscape,74897
12,image,72381
13,mural,71673
14,etsymntt,67241
15,design,65823
16,artwit,63336
17,artwork,61877
18,beinspired,61618
19,twitart,59441
20,love,54963
21,sky,51514
22,camera,48547
23,arte,46431
24,etsy,46318
25,abstract,42339
26,vintage,40719
27,music,39948
28,sea,38037
29,fineart,37820
30,sunrise,36453
31,sketch,35538
32,pintura,34831
33,fashion,33888
34,news,31732
35,jewelry,31551
36,mtvstars,29246
37,handmade,28308
38,starwars,27369
39,architecture,25438
40,iloveart,25147
41,christmas,24886
42,poetry,22275
43,digital,21825
44,draw,21561
45,arts,21339
46,ink,20696
47,ecochic,20666
48,gift,19982
49,sculpture,19679
50,creative,19185
51,business,18909
52,quote,18668
53,london,18129
54,instagram,18052
55,followart,17986
56,life,17271
57,contemporaryart,16937
58,jobs,16890
59,portrait,16875
60,beauty,16834
61,rt,16722
62,esart,16669
63,peace,16665
64,ebay,16601
65,inspire,16430
66,style,16385
67,scifi,16315
68,gallery,15990
69,nude,15811
70,hdr,15711
71,inspiration,15371
72,job,15364
73,follow,15114
74,digitalart,15047
75,ifckr,14866
76,watercolor,14795
77,jetblackheartmusicvideo,14459
78,hdri,14239
79,beautiful,14209
80,videomtv2015,14098
81,silver,14078
82,acrylic,13862
83,hdrphotography,13685
84,culture,13047
85,teamlove,12960
86,anime,12900
87,nyc,12594
88,500px,12326
89,paint,12300
90,quotes,12196
91,crowdfund,12185
92,usa,12165
93,city,12092
94,dogecoin,11989
95,print,11884
96,monetaryunit,11883
97,paris,11825
98,hiring,11705
99,saperecondiviso,11564
